"Username","Pin","Balance","History","Account number","value","to whom"
"Sazia","4040","9800","2000","201914040","200","201914012"
"Nawme","1234","52610.0","135.0","201914033","23.0","201914032"
"Nazia","4032","35619.0","0","201914032","0","0"
"Faria","4012","50260","549","201914012","0","0"
"Nawreen ","4006","1345","0","201914006","0","0"
"Emon ","4049","657","0","201914049","0","0"
"Mohim","4007","2229","0","201914007","0","0"
"Bibhor","4008","2186831","0","201914008","0","0"
"Fardin","4010","454567","0","201914010","0","0"
"Abedur","4011","669","0","201914011","0","0"
"Raiyan","4013","3445","0","201914013","0","0"
"Tanha","4014","4355","0","201914014","0","0"
"Aliya","4015","353456","0","201914015","0","0"
"Shafin","4016","245","0","201914016","0","0"
"Fahim","4019","35366","0","","0","0"
"Shiary","4021","3556","0","","0","0"
"Mizbah","4022","3452","0","","0","0"
"Taha","4023","2556","0","","0","0"
"Shad","4024","2566","0","","0","0"
"Mehsam","4026","2566","0","","0","0"
"Pinky","4027","5646","0","","0","0"
"Tamim","4028","2556","0","","0","0"
"Wasif","4029","566","0","","0","0"
"Nihon","1234","32552","0","","0","0"
"Sajid","4031","3435","0","","0","0"
"Nirjona","4034","245","0","","0","0"
"Avash","4035","256","0","","0","0"
"Amrin","4036","2656","0","","0","0"
"Rahat","4037","6556","0","","0","0"
"Prottasha","4038","66","0","","0","0"
"Jahangir","4039","2","0","","0","0"
"Samirah","4041","6667","0","","0","0"
"Riasat","4042","4654654","0","","0","0"
"Anik","4043","2654","0","","0","0"
"Masum","4044","6566","0","","0","0"
"Samir","4045","2466","0","","0","0"
"Faisal","4046","4656","0","","0","0"
"Mumu","4047","266","0","","0","0"
"Ramisha","4048","266","0","","0","0"
"Tahsin","4050","44656","0","","0","0"
"Anika","4051","466","0","","0","0"
"Seelme","4054","5666","0","","0","0"
"Toma","4055","56","0","","0","0"
"Rakib","4056","3566","0","","0","0"
"Mahapara","4057","5667","0","","0","0"
"Afrina","4058","54566","0","","0","0"
"Mouneeta","4059","5665","0","","0","0"
"Koushik","4060","5256","0","","0",""
